name;website
Torn & Glasser;https://www.tornandglasser.com/
Sunridge;https://sunridgemart.com/
Northgate;https://www.northgatepronto.com/
Not A Branded Item;https://es.openfoodfacts.org/
Bunny-Luv;https://www.grimmwaycarrots.com/
Fresh & Easy;https://freshandeasy.com/
Today's Temptations;https://www.todaystemptations.com/
Trader Joe's;https://www.traderjoes.com/home.html
Food Club;https://foodclub.com/
Wise Woodworks;https://world.openfoodfacts.org/facets/brands/wise-woodworks
Walton's Flies;https://waltons.com/
Petpro Products Inc.;https://www.pet-pro.com/
Lactaid;https://www.lactaid.com/
Madelaine Chocolate Novelties;https://madelainechocolate.com/
Ocean Mist Farms;https://www.oceanmist.com/